{"a":8.58110651715989,"b":7.325807502595773,"c":7.560080465021827,"d":7.739794458408701,"e":8.649098262296176,"f":6.897704943128636,"g":7.341483852363161,"h":7.443078374348515,"i":8.185628891147607,"j":5.666426688112432,"k":7.275172319452771,"l":8.043663352393944,"m":7.532623618788788,"n":7.932721027481948,"o":8.271548374755515,"p":7.541683099882111,"q":4.709530201312334,"r":8.271036865792954,"s":8.688790784847216,"t":8.017307507688582,"u":7.798112628829788,"v":6.513230110912307,"w":6.93537044601511,"x":5.659482215759621,"y":7.616283561580385,"z":5.968707559985366}